start_time,end_time,suggested_load
2022-08-01 00:00:00,2022-08-01 01:00:00,0.029229763019825807
2022-08-01 01:00:00,2022-08-01 02:00:00,0.029229763023438868
2022-08-01 02:00:00,2022-08-01 03:00:00,0.02922976306900566
2022-08-01 03:00:00,2022-08-01 04:00:00,0.029229763141634234
2022-08-01 04:00:00,2022-08-01 05:00:00,0.029229763090660048
2022-08-01 05:00:00,2022-08-01 06:00:00,0.029229762486746403
2022-08-01 06:00:00,2022-08-01 07:00:00,0.029229761790806625
2022-08-01 07:00:00,2022-08-01 08:00:00,0.02922976148607481
2022-08-01 08:00:00,2022-08-01 09:00:00,0.029229761318107728
2022-08-01 09:00:00,2022-08-01 10:00:00,0.029229761452868572
2022-08-01 10:00:00,2022-08-01 11:00:00,0.02922976149759907
2022-08-01 11:00:00,2022-08-01 12:00:00,0.029229761650645697
2022-08-01 12:00:00,2022-08-01 13:00:00,0.02922976176859961
2022-08-01 13:00:00,2022-08-01 14:00:00,0.02922976167687671
2022-08-01 14:00:00,2022-08-01 15:00:00,0.02922976151211009
2022-08-01 15:00:00,2022-08-01 16:00:00,0.029229761376021547
2022-08-01 16:00:00,2022-08-01 17:00:00,0.029229761241173803
2022-08-01 17:00:00,2022-08-01 18:00:00,0.029229761196613226
2022-08-01 18:00:00,2022-08-01 19:00:00,0.029229761196613226
2022-08-01 19:00:00,2022-08-01 20:00:00,0.029229761285909706
2022-08-01 20:00:00,2022-08-01 21:00:00,0.029229761401098828
2022-08-01 21:00:00,2022-08-01 22:00:00,0.02922976150061388
2022-08-01 22:00:00,2022-08-01 23:00:00,0.029229761930709613
2022-08-01 23:00:00,2022-08-02 00:00:00,0.029229761788874736
2022-08-02 00:00:00,2022-08-02 01:00:00,0.029229762195242173
2022-08-02 01:00:00,2022-08-02 02:00:00,0.029229762225432665
2022-08-02 02:00:00,2022-08-02 03:00:00,0.029229762412100496
2022-08-02 03:00:00,2022-08-02 04:00:00,0.02922976240162785
2022-08-02 04:00:00,2022-08-02 05:00:00,0.029229762262714728
2022-08-02 05:00:00,2022-08-02 06:00:00,0.029229762012857298
2022-08-02 06:00:00,2022-08-02 07:00:00,0.02922976167878879
2022-08-02 07:00:00,2022-08-02 08:00:00,0.02922976148854075
2022-08-02 08:00:00,2022-08-02 09:00:00,0.02922976145347056
2022-08-02 09:00:00,2022-08-02 10:00:00,0.02922976148828001
2022-08-02 10:00:00,2022-08-02 11:00:00,0.029229761705436917
2022-08-02 11:00:00,2022-08-02 12:00:00,0.02922976173520084
2022-08-02 12:00:00,2022-08-02 13:00:00,0.0292297619155457
2022-08-02 13:00:00,2022-08-02 14:00:00,0.02922976197815731
2022-08-02 14:00:00,2022-08-02 15:00:00,0.029229761752969517
2022-08-02 15:00:00,2022-08-02 16:00:00,0.029229761639255676
2022-08-02 16:00:00,2022-08-02 17:00:00,0.029229761524889247
2022-08-02 17:00:00,2022-08-02 18:00:00,0.029229761462796683
2022-08-02 18:00:00,2022-08-02 19:00:00,0.02922976147175851
2022-08-02 19:00:00,2022-08-02 20:00:00,0.029229761510209576
2022-08-02 20:00:00,2022-08-02 21:00:00,0.02922976170425122
2022-08-02 21:00:00,2022-08-02 22:00:00,0.02922976186910194
2022-08-02 22:00:00,2022-08-02 23:00:00,0.02922976208052155
2022-08-02 23:00:00,2022-08-03 00:00:00,0.02922976217109526
2022-08-03 00:00:00,2022-08-03 01:00:00,0.029229792939097967
2022-08-03 01:00:00,2022-08-03 02:00:00,146.17802821691117
2022-08-03 02:00:00,2022-08-03 03:00:00,0.029229792266115454
2022-08-03 03:00:00,2022-08-03 04:00:00,146.17802816540637
2022-08-03 04:00:00,2022-08-03 05:00:00,0.02922990453883628
2022-08-03 05:00:00,2022-08-03 06:00:00,0.029229801811820517
2022-08-03 06:00:00,2022-08-03 07:00:00,0.029229787349422203
2022-08-03 07:00:00,2022-08-03 08:00:00,0.029229773841731647
2022-08-03 08:00:00,2022-08-03 09:00:00,0.029229766937541018
2022-08-03 09:00:00,2022-08-03 10:00:00,0.0292297664234206
2022-08-03 10:00:00,2022-08-03 11:00:00,0.029229769307520224
2022-08-03 11:00:00,2022-08-03 12:00:00,0.02922977333519196
2022-08-03 12:00:00,2022-08-03 13:00:00,0.029229769684229
2022-08-03 13:00:00,2022-08-03 14:00:00,0.029229768617307982
2022-08-03 14:00:00,2022-08-03 15:00:00,0.02922976375641121
2022-08-03 15:00:00,2022-08-03 16:00:00,0.029229762593172812
2022-08-03 16:00:00,2022-08-03 17:00:00,0.029229762025236587
2022-08-03 17:00:00,2022-08-03 18:00:00,0.029229761795087607
2022-08-03 18:00:00,2022-08-03 19:00:00,0.02922976175459764
2022-08-03 19:00:00,2022-08-03 20:00:00,0.029229762169798338
2022-08-03 20:00:00,2022-08-03 21:00:00,0.029229762682767495
2022-08-03 21:00:00,2022-08-03 22:00:00,0.029229763496273202
2022-08-03 22:00:00,2022-08-03 23:00:00,0.029229762573836263
2022-08-03 23:00:00,2022-08-04 00:00:00,0.029229763057106367
2022-08-04 00:00:00,2022-08-04 01:00:00,0.029229764143153338
2022-08-04 01:00:00,2022-08-04 02:00:00,0.029229765960226913
2022-08-04 02:00:00,2022-08-04 03:00:00,146.17802837421056
2022-08-04 03:00:00,2022-08-04 04:00:00,292.29759723416595
2022-08-04 04:00:00,2022-08-04 05:00:00,0.02922981332485911
2022-08-04 05:00:00,2022-08-04 06:00:00,0.029229777051932034
2022-08-04 06:00:00,2022-08-04 07:00:00,0.029229775573722683
2022-08-04 07:00:00,2022-08-04 08:00:00,0.029229776767531936
2022-08-04 08:00:00,2022-08-04 09:00:00,0.029229980216742887
2022-08-04 09:00:00,2022-08-04 10:00:00,0.029229792922374372
2022-08-04 10:00:00,2022-08-04 11:00:00,146.148798408308
2022-08-04 11:00:00,2022-08-04 12:00:00,0.02922980631114567
2022-08-04 12:00:00,2022-08-04 13:00:00,0.029229768606874287
2022-08-04 13:00:00,2022-08-04 14:00:00,193.5010092365346
2022-08-04 14:00:00,2022-08-04 15:00:00,0.02922980845135368
2022-08-04 15:00:00,2022-08-04 16:00:00,0.029229781954430246
2022-08-04 16:00:00,2022-08-04 17:00:00,0.02922978627677797
2022-08-04 17:00:00,2022-08-04 18:00:00,0.029229777052270145
2022-08-04 18:00:00,2022-08-04 19:00:00,0.029229768598095823
2022-08-04 19:00:00,2022-08-04 20:00:00,0.02922977470965076
2022-08-04 20:00:00,2022-08-04 21:00:00,0.029229780121713234
2022-08-04 21:00:00,2022-08-04 22:00:00,292.2975972948551
2022-08-04 22:00:00,2022-08-04 23:00:00,47.381440405982715
2022-08-04 23:00:00,2022-08-05 00:00:00,0.029229773263180304
2022-08-05 00:00:00,2022-08-05 01:00:00,0.029229850448056822
2022-08-05 01:00:00,2022-08-05 02:00:00,193.53024128412702
2022-08-05 02:00:00,2022-08-05 03:00:00,0.029229852013831024
2022-08-05 03:00:00,2022-08-05 04:00:00,292.2975949059096
2022-08-05 04:00:00,2022-08-05 05:00:00,0.029229887653249083
2022-08-05 05:00:00,2022-08-05 06:00:00,0.029230199982458845
2022-08-05 06:00:00,2022-08-05 07:00:00,292.29759514603273
2022-08-05 07:00:00,2022-08-05 08:00:00,0.02922987943129208
2022-08-05 08:00:00,2022-08-05 09:00:00,146.2072596952577
2022-08-05 09:00:00,2022-08-05 10:00:00,0.02923015434695154
2022-08-05 10:00:00,2022-08-05 11:00:00,292.2975970450831
2022-08-05 11:00:00,2022-08-05 12:00:00,0.05845929941294516
2022-08-05 12:00:00,2022-08-05 13:00:00,0.029229835328807862
2022-08-05 13:00:00,2022-08-05 14:00:00,0.029229832751614244
2022-08-05 14:00:00,2022-08-05 15:00:00,146.1780284578905
2022-08-05 15:00:00,2022-08-05 16:00:00,0.029229767652136057
2022-08-05 16:00:00,2022-08-05 17:00:00,0.029229762802734007
2022-08-05 17:00:00,2022-08-05 18:00:00,0.0292297623133275
2022-08-05 18:00:00,2022-08-05 19:00:00,0.029229762183650847
2022-08-05 19:00:00,2022-08-05 20:00:00,0.02922976492739706
2022-08-05 20:00:00,2022-08-05 21:00:00,0.029229766639821148
2022-08-05 21:00:00,2022-08-05 22:00:00,0.02922977215208146
2022-08-05 22:00:00,2022-08-05 23:00:00,0.02922976829094514
2022-08-05 23:00:00,2022-08-06 00:00:00,0.029229784552218314
2022-08-06 00:00:00,2022-08-06 01:00:00,0.029229766041695762
2022-08-06 01:00:00,2022-08-06 02:00:00,0.029229766042226338
2022-08-06 02:00:00,2022-08-06 03:00:00,0.02922976675564733
2022-08-06 03:00:00,2022-08-06 04:00:00,0.02922976262051721
2022-08-06 04:00:00,2022-08-06 05:00:00,0.029229909054652337
2022-08-06 05:00:00,2022-08-06 06:00:00,0.029229767042601915
2022-08-06 06:00:00,2022-08-06 07:00:00,0.029229763458090904
2022-08-06 07:00:00,2022-08-06 08:00:00,0.02922976206505963
2022-08-06 08:00:00,2022-08-06 09:00:00,0.02922976185730864
2022-08-06 09:00:00,2022-08-06 10:00:00,0.029229761894372312
2022-08-06 10:00:00,2022-08-06 11:00:00,0.029229761887548174
2022-08-06 11:00:00,2022-08-06 12:00:00,0.02922976173228052
2022-08-06 12:00:00,2022-08-06 13:00:00,0.029229761631274317
2022-08-06 13:00:00,2022-08-06 14:00:00,0.02922976161823498
2022-08-06 14:00:00,2022-08-06 15:00:00,0.02922976157355131
2022-08-06 15:00:00,2022-08-06 16:00:00,0.029229761566354113
2022-08-06 16:00:00,2022-08-06 17:00:00,0.029229761530864557
2022-08-06 17:00:00,2022-08-06 18:00:00,0.029229761519676337
2022-08-06 18:00:00,2022-08-06 19:00:00,0.029229761648052955
2022-08-06 19:00:00,2022-08-06 20:00:00,0.02922976194919047
2022-08-06 20:00:00,2022-08-06 21:00:00,0.029229762414915546
2022-08-06 21:00:00,2022-08-06 22:00:00,0.02922976306831755
2022-08-06 22:00:00,2022-08-06 23:00:00,0.0292297637369816
2022-08-06 23:00:00,2022-08-07 00:00:00,0.029229770331613513
2022-08-07 00:00:00,2022-08-07 01:00:00,0.02922980434824503
